# sources/allowlist.tsv — GENERATED by `asterwell-build allowlist`; do not edit.
#
# Every code point the family promises, and where its outline comes from:
#   custom    an original Asterwell outline
#   literata  preserved from Literata; neither imported nor redrawn
#   dejavu    imported from DejaVu Sans, scaled to Literata's cap height
#
# Rules live in sources/allowlist.toml. Regenerate with `mise run allowlist`
# and commit the diff; `asterwell-build allowlist --check` fails if this file
# no longer matches the rules and the pinned fonts.
#
# generator 1
# Literata 3.103 — fonts/variable/Literata[opsz,wght].ttf
#     sha256 b41138c9373112f32abb589cc22e8674b06ed4048b0c513be922bdd26f274440
#     from   https://github.com/googlefonts/literata/releases/download/3.103/3.103.zip
# Literata 3.103 — fonts/variable/Literata-Italic[opsz,wght].ttf
#     sha256 d483dfaeba9cbf4ce71d32a52ee65df82f7e35b15fff8d1011cdb242d1fcd465
#     from   https://github.com/googlefonts/literata/releases/download/3.103/3.103.zip
# DejaVu Sans 2.37 — dejavu-fonts-ttf-2.37/ttf/DejaVuSans.ttf
#     sha256 7da195a74c55bef988d0d48f9508bd5d849425c1770dba5d7bfc6ce9ed848954
#     from   https://github.com/dejavu-fonts/dejavu-fonts/releases/download/version_2_37/dejavu-fonts-ttf-2.37.tar.bz2
#
# 532 rows: 8 custom, 24 literata, 500 dejavu
# 21 rows are emoji-presentation by default and need U+FE0E in text
# 0 imported code point(s) appear in Bitstream Vera Sans 1.10 (qa/vera-1.10-codepoints.txt); this must be 0
#
codepoint	char	unicode_name	block	source	glyph_name	group	emoji_presentation	note
U+00D7	×	MULTIPLICATION SIGN	Latin-1 Supplement	literata	multiply	required-inventory	no	
U+2022	•	BULLET	General Punctuation	literata	bullet	required-inventory	no	
U+2042	⁂	ASTERISM	General Punctuation	custom	uni2042	custom	no	
U+204E	⁎	LOW ASTERISK	General Punctuation	custom	uni204E	custom	no	
U+2051	⁑	TWO ASTERISKS ALIGNED VERTICALLY	General Punctuation	custom	uni2051	custom	no	
U+2055	⁕	FLOWER PUNCTUATION MARK	General Punctuation	dejavu	uni2055	markers	no	
U+2190	←	LEFTWARDS ARROW	Arrows	literata	arrowleft	required-inventory	no	
U+2191	↑	UPWARDS ARROW	Arrows	literata	arrowup	required-inventory	no	
U+2192	→	RIGHTWARDS ARROW	Arrows	literata	arrowright	required-inventory	no	
U+2193	↓	DOWNWARDS ARROW	Arrows	literata	arrowdown	required-inventory	no	
U+2194	↔	LEFT RIGHT ARROW	Arrows	dejavu	uni2194	ui-required	no	
U+2195	↕	UP DOWN ARROW	Arrows	dejavu	uni2195	ui-reserve	no	
U+21A9	↩	LEFTWARDS ARROW WITH HOOK	Arrows	dejavu	uni21A9	ui-reserve	no	
U+21AA	↪	RIGHTWARDS ARROW WITH HOOK	Arrows	dejavu	uni21AA	ui-reserve	no	
U+21D0	⇐	LEFTWARDS DOUBLE ARROW	Arrows	dejavu	uni21D0	ui-reserve	no	
U+21D2	⇒	RIGHTWARDS DOUBLE ARROW	Arrows	dejavu	uni21D2	ui-reserve	no	
U+21D4	⇔	LEFT RIGHT DOUBLE ARROW	Arrows	dejavu	uni21D4	ui-reserve	no	
U+21DE	⇞	UPWARDS ARROW WITH DOUBLE STROKE	Arrows	dejavu	uni21DE	ui-reserve	no	
U+21DF	⇟	DOWNWARDS ARROW WITH DOUBLE STROKE	Arrows	dejavu	uni21DF	ui-reserve	no	
U+21E4	⇤	LEFTWARDS ARROW TO BAR	Arrows	dejavu	uni21E4	ui-reserve	no	
U+21E5	⇥	RIGHTWARDS ARROW TO BAR	Arrows	dejavu	uni21E5	ui-required	no	
U+21E7	⇧	UPWARDS WHITE ARROW	Arrows	dejavu	uni21E7	ui-required	no	
U+21EA	⇪	UPWARDS WHITE ARROW FROM BAR	Arrows	dejavu	uni21EA	ui-reserve	no	
U+2205	∅	EMPTY SET	Mathematical Operators	literata	emptyset	required-inventory	no	
U+2212	−	MINUS SIGN	Mathematical Operators	literata	minus	required-inventory	no	
U+222A	∪	UNION	Mathematical Operators	dejavu	uni222A	ui-required	no	
U+2248	≈	ALMOST EQUAL TO	Mathematical Operators	literata	approxequal	required-inventory	no	
U+2264	≤	LESS-THAN OR EQUAL TO	Mathematical Operators	literata	lessequal	required-inventory	no	
U+2265	≥	GREATER-THAN OR EQUAL TO	Mathematical Operators	literata	greaterequal	required-inventory	no	
U+2286	⊆	SUBSET OF OR EQUAL TO	Mathematical Operators	dejavu	uni2286	ui-required	no	
U+2303	⌃	UP ARROWHEAD	Miscellaneous Technical	dejavu	uni2303	ui-reserve	no	
U+2318	⌘	PLACE OF INTEREST SIGN	Miscellaneous Technical	dejavu	uni2318	ui-required	no	
U+2325	⌥	OPTION KEY	Miscellaneous Technical	dejavu	uni2325	ui-reserve	no	
U+2326	⌦	ERASE TO THE RIGHT	Miscellaneous Technical	dejavu	uni2326	ui-reserve	no	
U+232B	⌫	ERASE TO THE LEFT	Miscellaneous Technical	dejavu	uni232B	ui-required	no	
U+23CE	⏎	RETURN SYMBOL	Miscellaneous Technical	dejavu	uni23CE	ui-required	no	
U+2423	␣	OPEN BOX	Control Pictures	dejavu	uni2423	ui-required	no	
U+2500	─	BOX DRAWINGS LIGHT HORIZONTAL	Box Drawing	dejavu	uni2500	ui-required	no	
U+25A0	■	BLACK SQUARE	Geometric Shapes	literata	filledbox	Geometric Shapes	no	
U+25A1	□	WHITE SQUARE	Geometric Shapes	literata	uni25A1	Geometric Shapes	no	
U+25A2	▢	WHITE SQUARE WITH ROUNDED CORNERS	Geometric Shapes	dejavu	uni25A2	Geometric Shapes	no	
U+25A3	▣	WHITE SQUARE CONTAINING BLACK SMALL SQUARE	Geometric Shapes	dejavu	uni25A3	Geometric Shapes	no	
U+25A4	▤	SQUARE WITH HORIZONTAL FILL	Geometric Shapes	dejavu	uni25A4	Geometric Shapes	no	
U+25A5	▥	SQUARE WITH VERTICAL FILL	Geometric Shapes	dejavu	uni25A5	Geometric Shapes	no	
U+25A6	▦	SQUARE WITH ORTHOGONAL CROSSHATCH FILL	Geometric Shapes	dejavu	uni25A6	Geometric Shapes	no	
U+25A7	▧	SQUARE WITH UPPER LEFT TO LOWER RIGHT FILL	Geometric Shapes	dejavu	uni25A7	Geometric Shapes	no	
U+25A8	▨	SQUARE WITH UPPER RIGHT TO LOWER LEFT FILL	Geometric Shapes	dejavu	uni25A8	Geometric Shapes	no	
U+25A9	▩	SQUARE WITH DIAGONAL CROSSHATCH FILL	Geometric Shapes	dejavu	uni25A9	Geometric Shapes	no	
U+25AA	▪	BLACK SMALL SQUARE	Geometric Shapes	dejavu	uni25AA	Geometric Shapes	no	
U+25AB	▫	WHITE SMALL SQUARE	Geometric Shapes	dejavu	uni25AB	Geometric Shapes	no	
U+25AC	▬	BLACK RECTANGLE	Geometric Shapes	dejavu	uni25AC	Geometric Shapes	no	
U+25AD	▭	WHITE RECTANGLE	Geometric Shapes	dejavu	uni25AD	Geometric Shapes	no	
U+25AE	▮	BLACK VERTICAL RECTANGLE	Geometric Shapes	dejavu	uni25AE	Geometric Shapes	no	
U+25AF	▯	WHITE VERTICAL RECTANGLE	Geometric Shapes	dejavu	uni25AF	Geometric Shapes	no	
U+25B0	▰	BLACK PARALLELOGRAM	Geometric Shapes	dejavu	uni25B0	Geometric Shapes	no	
U+25B1	▱	WHITE PARALLELOGRAM	Geometric Shapes	dejavu	uni25B1	Geometric Shapes	no	
U+25B2	▲	BLACK UP-POINTING TRIANGLE	Geometric Shapes	literata	triagup	Geometric Shapes	no	
U+25B3	△	WHITE UP-POINTING TRIANGLE	Geometric Shapes	literata	uni25B3	Geometric Shapes	no	
U+25B4	▴	BLACK UP-POINTING SMALL TRIANGLE	Geometric Shapes	dejavu	uni25B4	Geometric Shapes	no	
U+25B5	▵	WHITE UP-POINTING SMALL TRIANGLE	Geometric Shapes	dejavu	uni25B5	Geometric Shapes	no	
U+25B6	▶	BLACK RIGHT-POINTING TRIANGLE	Geometric Shapes	literata	uni25B6	Geometric Shapes	no	
U+25B7	▷	WHITE RIGHT-POINTING TRIANGLE	Geometric Shapes	literata	uni25B7	Geometric Shapes	no	
U+25B8	▸	BLACK RIGHT-POINTING SMALL TRIANGLE	Geometric Shapes	dejavu	uni25B8	Geometric Shapes	no	
U+25B9	▹	WHITE RIGHT-POINTING SMALL TRIANGLE	Geometric Shapes	dejavu	uni25B9	Geometric Shapes	no	
U+25BA	►	BLACK RIGHT-POINTING POINTER	Geometric Shapes	dejavu	uni25BA	Geometric Shapes	no	
U+25BB	▻	WHITE RIGHT-POINTING POINTER	Geometric Shapes	dejavu	uni25BB	Geometric Shapes	no	
U+25BC	▼	BLACK DOWN-POINTING TRIANGLE	Geometric Shapes	literata	triagdn	Geometric Shapes	no	
U+25BD	▽	WHITE DOWN-POINTING TRIANGLE	Geometric Shapes	literata	uni25BD	Geometric Shapes	no	
U+25BE	▾	BLACK DOWN-POINTING SMALL TRIANGLE	Geometric Shapes	dejavu	uni25BE	Geometric Shapes	no	
U+25BF	▿	WHITE DOWN-POINTING SMALL TRIANGLE	Geometric Shapes	dejavu	uni25BF	Geometric Shapes	no	
U+25C0	◀	BLACK LEFT-POINTING TRIANGLE	Geometric Shapes	literata	uni25C0	Geometric Shapes	no	
U+25C1	◁	WHITE LEFT-POINTING TRIANGLE	Geometric Shapes	literata	uni25C1	Geometric Shapes	no	
U+25C2	◂	BLACK LEFT-POINTING SMALL TRIANGLE	Geometric Shapes	dejavu	uni25C2	Geometric Shapes	no	
U+25C3	◃	WHITE LEFT-POINTING SMALL TRIANGLE	Geometric Shapes	dejavu	uni25C3	Geometric Shapes	no	
U+25C4	◄	BLACK LEFT-POINTING POINTER	Geometric Shapes	dejavu	uni25C4	Geometric Shapes	no	
U+25C5	◅	WHITE LEFT-POINTING POINTER	Geometric Shapes	dejavu	uni25C5	Geometric Shapes	no	
U+25C6	◆	BLACK DIAMOND	Geometric Shapes	literata	uni25C6	Geometric Shapes	no	
U+25C7	◇	WHITE DIAMOND	Geometric Shapes	literata	uni25C7	Geometric Shapes	no	
U+25C8	◈	WHITE DIAMOND CONTAINING BLACK SMALL DIAMOND	Geometric Shapes	dejavu	uni25C8	Geometric Shapes	no	
U+25C9	◉	FISHEYE	Geometric Shapes	dejavu	uni25C9	Geometric Shapes	no	
U+25CA	◊	LOZENGE	Geometric Shapes	literata	lozenge	Geometric Shapes	no	
U+25CB	○	WHITE CIRCLE	Geometric Shapes	dejavu	uni25CB	Geometric Shapes	no	
U+25CC	◌	DOTTED CIRCLE	Geometric Shapes	dejavu	uni25CC	Geometric Shapes	no	
U+25CD	◍	CIRCLE WITH VERTICAL FILL	Geometric Shapes	dejavu	uni25CD	Geometric Shapes	no	
U+25CE	◎	BULLSEYE	Geometric Shapes	dejavu	uni25CE	Geometric Shapes	no	
U+25CF	●	BLACK CIRCLE	Geometric Shapes	dejavu	uni25CF	Geometric Shapes	no	
U+25D0	◐	CIRCLE WITH LEFT HALF BLACK	Geometric Shapes	dejavu	uni25D0	Geometric Shapes	no	
U+25D1	◑	CIRCLE WITH RIGHT HALF BLACK	Geometric Shapes	dejavu	uni25D1	Geometric Shapes	no	
U+25D2	◒	CIRCLE WITH LOWER HALF BLACK	Geometric Shapes	dejavu	uni25D2	Geometric Shapes	no	
U+25D3	◓	CIRCLE WITH UPPER HALF BLACK	Geometric Shapes	dejavu	uni25D3	Geometric Shapes	no	
U+25D4	◔	CIRCLE WITH UPPER RIGHT QUADRANT BLACK	Geometric Shapes	dejavu	uni25D4	Geometric Shapes	no	
U+25D5	◕	CIRCLE WITH ALL BUT UPPER LEFT QUADRANT BLACK	Geometric Shapes	dejavu	uni25D5	Geometric Shapes	no	
U+25D6	◖	LEFT HALF BLACK CIRCLE	Geometric Shapes	dejavu	uni25D6	Geometric Shapes	no	
U+25D7	◗	RIGHT HALF BLACK CIRCLE	Geometric Shapes	dejavu	uni25D7	Geometric Shapes	no	
U+25D8	◘	INVERSE BULLET	Geometric Shapes	dejavu	uni25D8	Geometric Shapes	no	
U+25D9	◙	INVERSE WHITE CIRCLE	Geometric Shapes	dejavu	uni25D9	Geometric Shapes	no	
U+25DA	◚	UPPER HALF INVERSE WHITE CIRCLE	Geometric Shapes	dejavu	uni25DA	Geometric Shapes	no	
U+25DB	◛	LOWER HALF INVERSE WHITE CIRCLE	Geometric Shapes	dejavu	uni25DB	Geometric Shapes	no	
U+25DC	◜	UPPER LEFT QUADRANT CIRCULAR ARC	Geometric Shapes	dejavu	uni25DC	Geometric Shapes	no	
U+25DD	◝	UPPER RIGHT QUADRANT CIRCULAR ARC	Geometric Shapes	dejavu	uni25DD	Geometric Shapes	no	
U+25DE	◞	LOWER RIGHT QUADRANT CIRCULAR ARC	Geometric Shapes	dejavu	uni25DE	Geometric Shapes	no	
U+25DF	◟	LOWER LEFT QUADRANT CIRCULAR ARC	Geometric Shapes	dejavu	uni25DF	Geometric Shapes	no	
U+25E0	◠	UPPER HALF CIRCLE	Geometric Shapes	dejavu	uni25E0	Geometric Shapes	no	
U+25E1	◡	LOWER HALF CIRCLE	Geometric Shapes	dejavu	uni25E1	Geometric Shapes	no	
U+25E2	◢	BLACK LOWER RIGHT TRIANGLE	Geometric Shapes	dejavu	uni25E2	Geometric Shapes	no	
U+25E3	◣	BLACK LOWER LEFT TRIANGLE	Geometric Shapes	dejavu	uni25E3	Geometric Shapes	no	
U+25E4	◤	BLACK UPPER LEFT TRIANGLE	Geometric Shapes	dejavu	uni25E4	Geometric Shapes	no	
U+25E5	◥	BLACK UPPER RIGHT TRIANGLE	Geometric Shapes	dejavu	uni25E5	Geometric Shapes	no	
U+25E6	◦	WHITE BULLET	Geometric Shapes	dejavu	uni25E6	Geometric Shapes	no	metrics of U+2022
U+25E7	◧	SQUARE WITH LEFT HALF BLACK	Geometric Shapes	dejavu	uni25E7	Geometric Shapes	no	
U+25E8	◨	SQUARE WITH RIGHT HALF BLACK	Geometric Shapes	dejavu	uni25E8	Geometric Shapes	no	
U+25E9	◩	SQUARE WITH UPPER LEFT DIAGONAL HALF BLACK	Geometric Shapes	dejavu	uni25E9	Geometric Shapes	no	
U+25EA	◪	SQUARE WITH LOWER RIGHT DIAGONAL HALF BLACK	Geometric Shapes	dejavu	uni25EA	Geometric Shapes	no	
U+25EB	◫	WHITE SQUARE WITH VERTICAL BISECTING LINE	Geometric Shapes	dejavu	uni25EB	Geometric Shapes	no	
U+25EC	◬	WHITE UP-POINTING TRIANGLE WITH DOT	Geometric Shapes	dejavu	uni25EC	Geometric Shapes	no	
U+25ED	◭	UP-POINTING TRIANGLE WITH LEFT HALF BLACK	Geometric Shapes	dejavu	uni25ED	Geometric Shapes	no	
U+25EE	◮	UP-POINTING TRIANGLE WITH RIGHT HALF BLACK	Geometric Shapes	dejavu	uni25EE	Geometric Shapes	no	
U+25EF	◯	LARGE CIRCLE	Geometric Shapes	dejavu	uni25EF	Geometric Shapes	no	
U+25F0	◰	WHITE SQUARE WITH UPPER LEFT QUADRANT	Geometric Shapes	dejavu	uni25F0	Geometric Shapes	no	
U+25F1	◱	WHITE SQUARE WITH LOWER LEFT QUADRANT	Geometric Shapes	dejavu	uni25F1	Geometric Shapes	no	
U+25F2	◲	WHITE SQUARE WITH LOWER RIGHT QUADRANT	Geometric Shapes	dejavu	uni25F2	Geometric Shapes	no	
U+25F3	◳	WHITE SQUARE WITH UPPER RIGHT QUADRANT	Geometric Shapes	dejavu	uni25F3	Geometric Shapes	no	
U+25F4	◴	WHITE CIRCLE WITH UPPER LEFT QUADRANT	Geometric Shapes	dejavu	uni25F4	Geometric Shapes	no	
U+25F5	◵	WHITE CIRCLE WITH LOWER LEFT QUADRANT	Geometric Shapes	dejavu	uni25F5	Geometric Shapes	no	
U+25F6	◶	WHITE CIRCLE WITH LOWER RIGHT QUADRANT	Geometric Shapes	dejavu	uni25F6	Geometric Shapes	no	
U+25F7	◷	WHITE CIRCLE WITH UPPER RIGHT QUADRANT	Geometric Shapes	dejavu	uni25F7	Geometric Shapes	no	
U+25F8	◸	UPPER LEFT TRIANGLE	Geometric Shapes	dejavu	uni25F8	Geometric Shapes	no	
U+25F9	◹	UPPER RIGHT TRIANGLE	Geometric Shapes	dejavu	uni25F9	Geometric Shapes	no	
U+25FA	◺	LOWER LEFT TRIANGLE	Geometric Shapes	dejavu	uni25FA	Geometric Shapes	no	
U+25FB	◻	WHITE MEDIUM SQUARE	Geometric Shapes	dejavu	uni25FB	Geometric Shapes	no	
U+25FC	◼	BLACK MEDIUM SQUARE	Geometric Shapes	dejavu	uni25FC	Geometric Shapes	no	
U+25FD	◽	WHITE MEDIUM SMALL SQUARE	Geometric Shapes	dejavu	uni25FD	Geometric Shapes	yes	
U+25FE	◾	BLACK MEDIUM SMALL SQUARE	Geometric Shapes	dejavu	uni25FE	Geometric Shapes	yes	
U+25FF	◿	LOWER RIGHT TRIANGLE	Geometric Shapes	dejavu	uni25FF	Geometric Shapes	no	
U+2600	☀	BLACK SUN WITH RAYS	Miscellaneous Symbols	dejavu	uni2600	Miscellaneous Symbols	no	
U+2601	☁	CLOUD	Miscellaneous Symbols	dejavu	uni2601	Miscellaneous Symbols	no	
U+2602	☂	UMBRELLA	Miscellaneous Symbols	dejavu	uni2602	Miscellaneous Symbols	no	
U+2603	☃	SNOWMAN	Miscellaneous Symbols	dejavu	uni2603	Miscellaneous Symbols	no	
U+2604	☄	COMET	Miscellaneous Symbols	dejavu	uni2604	Miscellaneous Symbols	no	
U+2605	★	BLACK STAR	Miscellaneous Symbols	dejavu	uni2605	Miscellaneous Symbols	no	
U+2606	☆	WHITE STAR	Miscellaneous Symbols	dejavu	uni2606	Miscellaneous Symbols	no	
U+2607	☇	LIGHTNING	Miscellaneous Symbols	dejavu	uni2607	Miscellaneous Symbols	no	
U+2608	☈	THUNDERSTORM	Miscellaneous Symbols	dejavu	uni2608	Miscellaneous Symbols	no	
U+2609	☉	SUN	Miscellaneous Symbols	dejavu	uni2609	Miscellaneous Symbols	no	
U+260A	☊	ASCENDING NODE	Miscellaneous Symbols	dejavu	uni260A	Miscellaneous Symbols	no	
U+260B	☋	DESCENDING NODE	Miscellaneous Symbols	dejavu	uni260B	Miscellaneous Symbols	no	
U+260C	☌	CONJUNCTION	Miscellaneous Symbols	dejavu	uni260C	Miscellaneous Symbols	no	
U+260D	☍	OPPOSITION	Miscellaneous Symbols	dejavu	uni260D	Miscellaneous Symbols	no	
U+260E	☎	BLACK TELEPHONE	Miscellaneous Symbols	dejavu	uni260E	Miscellaneous Symbols	no	
U+260F	☏	WHITE TELEPHONE	Miscellaneous Symbols	dejavu	uni260F	Miscellaneous Symbols	no	
U+2610	☐	BALLOT BOX	Miscellaneous Symbols	dejavu	uni2610	Miscellaneous Symbols	no	
U+2611	☑	BALLOT BOX WITH CHECK	Miscellaneous Symbols	dejavu	uni2611	Miscellaneous Symbols	no	
U+2612	☒	BALLOT BOX WITH X	Miscellaneous Symbols	dejavu	uni2612	Miscellaneous Symbols	no	
U+2613	☓	SALTIRE	Miscellaneous Symbols	dejavu	uni2613	Miscellaneous Symbols	no	
U+2614	☔	UMBRELLA WITH RAIN DROPS	Miscellaneous Symbols	dejavu	uni2614	Miscellaneous Symbols	yes	
U+2615	☕	HOT BEVERAGE	Miscellaneous Symbols	dejavu	uni2615	Miscellaneous Symbols	yes	
U+2616	☖	WHITE SHOGI PIECE	Miscellaneous Symbols	dejavu	uni2616	Miscellaneous Symbols	no	
U+2617	☗	BLACK SHOGI PIECE	Miscellaneous Symbols	dejavu	uni2617	Miscellaneous Symbols	no	
U+2618	☘	SHAMROCK	Miscellaneous Symbols	dejavu	uni2618	Miscellaneous Symbols	no	
U+2619	☙	REVERSED ROTATED FLORAL HEART BULLET	Miscellaneous Symbols	dejavu	uni2619	Miscellaneous Symbols	no	
U+261A	☚	BLACK LEFT POINTING INDEX	Miscellaneous Symbols	dejavu	uni261A	Miscellaneous Symbols	no	
U+261B	☛	BLACK RIGHT POINTING INDEX	Miscellaneous Symbols	dejavu	uni261B	Miscellaneous Symbols	no	
U+261C	☜	WHITE LEFT POINTING INDEX	Miscellaneous Symbols	dejavu	uni261C	Miscellaneous Symbols	no	
U+261D	☝	WHITE UP POINTING INDEX	Miscellaneous Symbols	dejavu	uni261D	Miscellaneous Symbols	no	
U+261E	☞	WHITE RIGHT POINTING INDEX	Miscellaneous Symbols	dejavu	uni261E	Miscellaneous Symbols	no	
U+261F	☟	WHITE DOWN POINTING INDEX	Miscellaneous Symbols	dejavu	uni261F	Miscellaneous Symbols	no	
U+2620	☠	SKULL AND CROSSBONES	Miscellaneous Symbols	dejavu	uni2620	Miscellaneous Symbols	no	
U+2621	☡	CAUTION SIGN	Miscellaneous Symbols	dejavu	uni2621	Miscellaneous Symbols	no	
U+2622	☢	RADIOACTIVE SIGN	Miscellaneous Symbols	dejavu	uni2622	Miscellaneous Symbols	no	
U+2623	☣	BIOHAZARD SIGN	Miscellaneous Symbols	dejavu	uni2623	Miscellaneous Symbols	no	
U+2624	☤	CADUCEUS	Miscellaneous Symbols	dejavu	uni2624	Miscellaneous Symbols	no	
U+2625	☥	ANKH	Miscellaneous Symbols	dejavu	uni2625	Miscellaneous Symbols	no	
U+2626	☦	ORTHODOX CROSS	Miscellaneous Symbols	dejavu	uni2626	Miscellaneous Symbols	no	
U+2627	☧	CHI RHO	Miscellaneous Symbols	dejavu	uni2627	Miscellaneous Symbols	no	
U+2628	☨	CROSS OF LORRAINE	Miscellaneous Symbols	dejavu	uni2628	Miscellaneous Symbols	no	
U+2629	☩	CROSS OF JERUSALEM	Miscellaneous Symbols	dejavu	uni2629	Miscellaneous Symbols	no	
U+262A	☪	STAR AND CRESCENT	Miscellaneous Symbols	dejavu	uni262A	Miscellaneous Symbols	no	
U+262B	☫	FARSI SYMBOL	Miscellaneous Symbols	dejavu	uni262B	Miscellaneous Symbols	no	
U+262C	☬	ADI SHAKTI	Miscellaneous Symbols	dejavu	uni262C	Miscellaneous Symbols	no	
U+262D	☭	HAMMER AND SICKLE	Miscellaneous Symbols	dejavu	uni262D	Miscellaneous Symbols	no	
U+262E	☮	PEACE SYMBOL	Miscellaneous Symbols	dejavu	uni262E	Miscellaneous Symbols	no	
U+262F	☯	YIN YANG	Miscellaneous Symbols	dejavu	uni262F	Miscellaneous Symbols	no	
U+2630	☰	TRIGRAM FOR HEAVEN	Miscellaneous Symbols	dejavu	uni2630	Miscellaneous Symbols	no	
U+2631	☱	TRIGRAM FOR LAKE	Miscellaneous Symbols	dejavu	uni2631	Miscellaneous Symbols	no	
U+2632	☲	TRIGRAM FOR FIRE	Miscellaneous Symbols	dejavu	uni2632	Miscellaneous Symbols	no	
U+2633	☳	TRIGRAM FOR THUNDER	Miscellaneous Symbols	dejavu	uni2633	Miscellaneous Symbols	no	
U+2634	☴	TRIGRAM FOR WIND	Miscellaneous Symbols	dejavu	uni2634	Miscellaneous Symbols	no	
U+2635	☵	TRIGRAM FOR WATER	Miscellaneous Symbols	dejavu	uni2635	Miscellaneous Symbols	no	
U+2636	☶	TRIGRAM FOR MOUNTAIN	Miscellaneous Symbols	dejavu	uni2636	Miscellaneous Symbols	no	
U+2637	☷	TRIGRAM FOR EARTH	Miscellaneous Symbols	dejavu	uni2637	Miscellaneous Symbols	no	
U+2638	☸	WHEEL OF DHARMA	Miscellaneous Symbols	dejavu	uni2638	Miscellaneous Symbols	no	
U+2639	☹	WHITE FROWNING FACE	Miscellaneous Symbols	dejavu	uni2639	Miscellaneous Symbols	no	
U+263A	☺	WHITE SMILING FACE	Miscellaneous Symbols	dejavu	uni263A	Miscellaneous Symbols	no	
U+263B	☻	BLACK SMILING FACE	Miscellaneous Symbols	dejavu	uni263B	Miscellaneous Symbols	no	
U+263C	☼	WHITE SUN WITH RAYS	Miscellaneous Symbols	dejavu	uni263C	Miscellaneous Symbols	no	
U+263D	☽	FIRST QUARTER MOON	Miscellaneous Symbols	dejavu	uni263D	Miscellaneous Symbols	no	
U+263E	☾	LAST QUARTER MOON	Miscellaneous Symbols	dejavu	uni263E	Miscellaneous Symbols	no	
U+263F	☿	MERCURY	Miscellaneous Symbols	dejavu	uni263F	Miscellaneous Symbols	no	
U+2640	♀	FEMALE SIGN	Miscellaneous Symbols	dejavu	uni2640	Miscellaneous Symbols	no	
U+2641	♁	EARTH	Miscellaneous Symbols	dejavu	uni2641	Miscellaneous Symbols	no	
U+2642	♂	MALE SIGN	Miscellaneous Symbols	dejavu	uni2642	Miscellaneous Symbols	no	
U+2643	♃	JUPITER	Miscellaneous Symbols	dejavu	uni2643	Miscellaneous Symbols	no	
U+2644	♄	SATURN	Miscellaneous Symbols	dejavu	uni2644	Miscellaneous Symbols	no	
U+2645	♅	URANUS	Miscellaneous Symbols	dejavu	uni2645	Miscellaneous Symbols	no	
U+2646	♆	NEPTUNE	Miscellaneous Symbols	dejavu	uni2646	Miscellaneous Symbols	no	
U+2647	♇	PLUTO	Miscellaneous Symbols	dejavu	uni2647	Miscellaneous Symbols	no	
U+2648	♈	ARIES	Miscellaneous Symbols	dejavu	uni2648	Miscellaneous Symbols	yes	
U+2649	♉	TAURUS	Miscellaneous Symbols	dejavu	uni2649	Miscellaneous Symbols	yes	
U+264A	♊	GEMINI	Miscellaneous Symbols	dejavu	uni264A	Miscellaneous Symbols	yes	
U+264B	♋	CANCER	Miscellaneous Symbols	dejavu	uni264B	Miscellaneous Symbols	yes	
U+264C	♌	LEO	Miscellaneous Symbols	dejavu	uni264C	Miscellaneous Symbols	yes	
U+264D	♍	VIRGO	Miscellaneous Symbols	dejavu	uni264D	Miscellaneous Symbols	yes	
U+264E	♎	LIBRA	Miscellaneous Symbols	dejavu	uni264E	Miscellaneous Symbols	yes	
U+264F	♏	SCORPIUS	Miscellaneous Symbols	dejavu	uni264F	Miscellaneous Symbols	yes	
U+2650	♐	SAGITTARIUS	Miscellaneous Symbols	dejavu	uni2650	Miscellaneous Symbols	yes	
U+2651	♑	CAPRICORN	Miscellaneous Symbols	dejavu	uni2651	Miscellaneous Symbols	yes	
U+2652	♒	AQUARIUS	Miscellaneous Symbols	dejavu	uni2652	Miscellaneous Symbols	yes	
U+2653	♓	PISCES	Miscellaneous Symbols	dejavu	uni2653	Miscellaneous Symbols	yes	
U+2654	♔	WHITE CHESS KING	Miscellaneous Symbols	dejavu	uni2654	Miscellaneous Symbols	no	
U+2655	♕	WHITE CHESS QUEEN	Miscellaneous Symbols	dejavu	uni2655	Miscellaneous Symbols	no	
U+2656	♖	WHITE CHESS ROOK	Miscellaneous Symbols	dejavu	uni2656	Miscellaneous Symbols	no	
U+2657	♗	WHITE CHESS BISHOP	Miscellaneous Symbols	dejavu	uni2657	Miscellaneous Symbols	no	
U+2658	♘	WHITE CHESS KNIGHT	Miscellaneous Symbols	dejavu	uni2658	Miscellaneous Symbols	no	
U+2659	♙	WHITE CHESS PAWN	Miscellaneous Symbols	dejavu	uni2659	Miscellaneous Symbols	no	
U+265A	♚	BLACK CHESS KING	Miscellaneous Symbols	dejavu	uni265A	Miscellaneous Symbols	no	
U+265B	♛	BLACK CHESS QUEEN	Miscellaneous Symbols	dejavu	uni265B	Miscellaneous Symbols	no	
U+265C	♜	BLACK CHESS ROOK	Miscellaneous Symbols	dejavu	uni265C	Miscellaneous Symbols	no	
U+265D	♝	BLACK CHESS BISHOP	Miscellaneous Symbols	dejavu	uni265D	Miscellaneous Symbols	no	
U+265E	♞	BLACK CHESS KNIGHT	Miscellaneous Symbols	dejavu	uni265E	Miscellaneous Symbols	no	
U+265F	♟	BLACK CHESS PAWN	Miscellaneous Symbols	dejavu	uni265F	Miscellaneous Symbols	no	
U+2660	♠	BLACK SPADE SUIT	Miscellaneous Symbols	dejavu	uni2660	Miscellaneous Symbols	no	
U+2661	♡	WHITE HEART SUIT	Miscellaneous Symbols	dejavu	uni2661	Miscellaneous Symbols	no	
U+2662	♢	WHITE DIAMOND SUIT	Miscellaneous Symbols	dejavu	uni2662	Miscellaneous Symbols	no	
U+2663	♣	BLACK CLUB SUIT	Miscellaneous Symbols	dejavu	uni2663	Miscellaneous Symbols	no	
U+2664	♤	WHITE SPADE SUIT	Miscellaneous Symbols	dejavu	uni2664	Miscellaneous Symbols	no	
U+2665	♥	BLACK HEART SUIT	Miscellaneous Symbols	dejavu	uni2665	Miscellaneous Symbols	no	
U+2666	♦	BLACK DIAMOND SUIT	Miscellaneous Symbols	dejavu	uni2666	Miscellaneous Symbols	no	
U+2667	♧	WHITE CLUB SUIT	Miscellaneous Symbols	dejavu	uni2667	Miscellaneous Symbols	no	
U+2668	♨	HOT SPRINGS	Miscellaneous Symbols	dejavu	uni2668	Miscellaneous Symbols	no	
U+2669	♩	QUARTER NOTE	Miscellaneous Symbols	dejavu	uni2669	Miscellaneous Symbols	no	
U+266A	♪	EIGHTH NOTE	Miscellaneous Symbols	dejavu	uni266A	Miscellaneous Symbols	no	
U+266B	♫	BEAMED EIGHTH NOTES	Miscellaneous Symbols	dejavu	uni266B	Miscellaneous Symbols	no	
U+266C	♬	BEAMED SIXTEENTH NOTES	Miscellaneous Symbols	dejavu	uni266C	Miscellaneous Symbols	no	
U+266D	♭	MUSIC FLAT SIGN	Miscellaneous Symbols	dejavu	uni266D	Miscellaneous Symbols	no	
U+266E	♮	MUSIC NATURAL SIGN	Miscellaneous Symbols	dejavu	uni266E	Miscellaneous Symbols	no	
U+266F	♯	MUSIC SHARP SIGN	Miscellaneous Symbols	dejavu	uni266F	Miscellaneous Symbols	no	
U+2670	♰	WEST SYRIAC CROSS	Miscellaneous Symbols	dejavu	uni2670	Miscellaneous Symbols	no	
U+2671	♱	EAST SYRIAC CROSS	Miscellaneous Symbols	dejavu	uni2671	Miscellaneous Symbols	no	
U+2672	♲	UNIVERSAL RECYCLING SYMBOL	Miscellaneous Symbols	dejavu	uni2672	Miscellaneous Symbols	no	
U+2673	♳	RECYCLING SYMBOL FOR TYPE-1 PLASTICS	Miscellaneous Symbols	dejavu	uni2673	Miscellaneous Symbols	no	
U+2674	♴	RECYCLING SYMBOL FOR TYPE-2 PLASTICS	Miscellaneous Symbols	dejavu	uni2674	Miscellaneous Symbols	no	
U+2675	♵	RECYCLING SYMBOL FOR TYPE-3 PLASTICS	Miscellaneous Symbols	dejavu	uni2675	Miscellaneous Symbols	no	
U+2676	♶	RECYCLING SYMBOL FOR TYPE-4 PLASTICS	Miscellaneous Symbols	dejavu	uni2676	Miscellaneous Symbols	no	
U+2677	♷	RECYCLING SYMBOL FOR TYPE-5 PLASTICS	Miscellaneous Symbols	dejavu	uni2677	Miscellaneous Symbols	no	
U+2678	♸	RECYCLING SYMBOL FOR TYPE-6 PLASTICS	Miscellaneous Symbols	dejavu	uni2678	Miscellaneous Symbols	no	
U+2679	♹	RECYCLING SYMBOL FOR TYPE-7 PLASTICS	Miscellaneous Symbols	dejavu	uni2679	Miscellaneous Symbols	no	
U+267A	♺	RECYCLING SYMBOL FOR GENERIC MATERIALS	Miscellaneous Symbols	dejavu	uni267A	Miscellaneous Symbols	no	
U+267B	♻	BLACK UNIVERSAL RECYCLING SYMBOL	Miscellaneous Symbols	dejavu	uni267B	Miscellaneous Symbols	no	
U+267C	♼	RECYCLED PAPER SYMBOL	Miscellaneous Symbols	dejavu	uni267C	Miscellaneous Symbols	no	
U+267D	♽	PARTIALLY-RECYCLED PAPER SYMBOL	Miscellaneous Symbols	dejavu	uni267D	Miscellaneous Symbols	no	
U+267E	♾	PERMANENT PAPER SIGN	Miscellaneous Symbols	dejavu	uni267E	Miscellaneous Symbols	no	
U+267F	♿	WHEELCHAIR SYMBOL	Miscellaneous Symbols	dejavu	uni267F	Miscellaneous Symbols	yes	
U+2680	⚀	DIE FACE-1	Miscellaneous Symbols	dejavu	uni2680	Miscellaneous Symbols	no	
U+2681	⚁	DIE FACE-2	Miscellaneous Symbols	dejavu	uni2681	Miscellaneous Symbols	no	
U+2682	⚂	DIE FACE-3	Miscellaneous Symbols	dejavu	uni2682	Miscellaneous Symbols	no	
U+2683	⚃	DIE FACE-4	Miscellaneous Symbols	dejavu	uni2683	Miscellaneous Symbols	no	
U+2684	⚄	DIE FACE-5	Miscellaneous Symbols	dejavu	uni2684	Miscellaneous Symbols	no	
U+2685	⚅	DIE FACE-6	Miscellaneous Symbols	dejavu	uni2685	Miscellaneous Symbols	no	
U+2686	⚆	WHITE CIRCLE WITH DOT RIGHT	Miscellaneous Symbols	dejavu	uni2686	Miscellaneous Symbols	no	
U+2687	⚇	WHITE CIRCLE WITH TWO DOTS	Miscellaneous Symbols	dejavu	uni2687	Miscellaneous Symbols	no	
U+2688	⚈	BLACK CIRCLE WITH WHITE DOT RIGHT	Miscellaneous Symbols	dejavu	uni2688	Miscellaneous Symbols	no	
U+2689	⚉	BLACK CIRCLE WITH TWO WHITE DOTS	Miscellaneous Symbols	dejavu	uni2689	Miscellaneous Symbols	no	
U+268A	⚊	MONOGRAM FOR YANG	Miscellaneous Symbols	dejavu	uni268A	Miscellaneous Symbols	no	
U+268B	⚋	MONOGRAM FOR YIN	Miscellaneous Symbols	dejavu	uni268B	Miscellaneous Symbols	no	
U+268C	⚌	DIGRAM FOR GREATER YANG	Miscellaneous Symbols	dejavu	uni268C	Miscellaneous Symbols	no	
U+268D	⚍	DIGRAM FOR LESSER YIN	Miscellaneous Symbols	dejavu	uni268D	Miscellaneous Symbols	no	
U+268E	⚎	DIGRAM FOR LESSER YANG	Miscellaneous Symbols	dejavu	uni268E	Miscellaneous Symbols	no	
U+268F	⚏	DIGRAM FOR GREATER YIN	Miscellaneous Symbols	dejavu	uni268F	Miscellaneous Symbols	no	
U+2690	⚐	WHITE FLAG	Miscellaneous Symbols	dejavu	uni2690	Miscellaneous Symbols	no	
U+2691	⚑	BLACK FLAG	Miscellaneous Symbols	dejavu	uni2691	Miscellaneous Symbols	no	
U+2692	⚒	HAMMER AND PICK	Miscellaneous Symbols	dejavu	uni2692	Miscellaneous Symbols	no	
U+2693	⚓	ANCHOR	Miscellaneous Symbols	dejavu	uni2693	Miscellaneous Symbols	yes	
U+2694	⚔	CROSSED SWORDS	Miscellaneous Symbols	dejavu	uni2694	Miscellaneous Symbols	no	
U+2695	⚕	STAFF OF AESCULAPIUS	Miscellaneous Symbols	dejavu	uni2695	Miscellaneous Symbols	no	
U+2696	⚖	SCALES	Miscellaneous Symbols	dejavu	uni2696	Miscellaneous Symbols	no	
U+2697	⚗	ALEMBIC	Miscellaneous Symbols	dejavu	uni2697	Miscellaneous Symbols	no	
U+2698	⚘	FLOWER	Miscellaneous Symbols	dejavu	uni2698	Miscellaneous Symbols	no	
U+2699	⚙	GEAR	Miscellaneous Symbols	dejavu	uni2699	Miscellaneous Symbols	no	
U+269A	⚚	STAFF OF HERMES	Miscellaneous Symbols	dejavu	uni269A	Miscellaneous Symbols	no	
U+269B	⚛	ATOM SYMBOL	Miscellaneous Symbols	dejavu	uni269B	Miscellaneous Symbols	no	
U+269C	⚜	FLEUR-DE-LIS	Miscellaneous Symbols	dejavu	uni269C	Miscellaneous Symbols	no	
U+269E	⚞	THREE LINES CONVERGING RIGHT	Miscellaneous Symbols	dejavu	uni269E	Miscellaneous Symbols	no	
U+269F	⚟	THREE LINES CONVERGING LEFT	Miscellaneous Symbols	dejavu	uni269F	Miscellaneous Symbols	no	
U+26A0	⚠	WARNING SIGN	Miscellaneous Symbols	dejavu	uni26A0	Miscellaneous Symbols	no	
U+26A1	⚡	HIGH VOLTAGE SIGN	Miscellaneous Symbols	dejavu	uni26A1	Miscellaneous Symbols	yes	
U+26A2	⚢	DOUBLED FEMALE SIGN	Miscellaneous Symbols	dejavu	uni26A2	Miscellaneous Symbols	no	
U+26A3	⚣	DOUBLED MALE SIGN	Miscellaneous Symbols	dejavu	uni26A3	Miscellaneous Symbols	no	
U+26A4	⚤	INTERLOCKED FEMALE AND MALE SIGN	Miscellaneous Symbols	dejavu	uni26A4	Miscellaneous Symbols	no	
U+26A5	⚥	MALE AND FEMALE SIGN	Miscellaneous Symbols	dejavu	uni26A5	Miscellaneous Symbols	no	
U+26A6	⚦	MALE WITH STROKE SIGN	Miscellaneous Symbols	dejavu	uni26A6	Miscellaneous Symbols	no	
U+26A7	⚧	MALE WITH STROKE AND MALE AND FEMALE SIGN	Miscellaneous Symbols	dejavu	uni26A7	Miscellaneous Symbols	no	
U+26A8	⚨	VERTICAL MALE WITH STROKE SIGN	Miscellaneous Symbols	dejavu	uni26A8	Miscellaneous Symbols	no	
U+26A9	⚩	HORIZONTAL MALE WITH STROKE SIGN	Miscellaneous Symbols	dejavu	uni26A9	Miscellaneous Symbols	no	
U+26AA	⚪	MEDIUM WHITE CIRCLE	Miscellaneous Symbols	dejavu	uni26AA	Miscellaneous Symbols	yes	
U+26AB	⚫	MEDIUM BLACK CIRCLE	Miscellaneous Symbols	dejavu	uni26AB	Miscellaneous Symbols	yes	
U+26AC	⚬	MEDIUM SMALL WHITE CIRCLE	Miscellaneous Symbols	dejavu	uni26AC	Miscellaneous Symbols	no	
U+26AD	⚭	MARRIAGE SYMBOL	Miscellaneous Symbols	dejavu	uni26AD	Miscellaneous Symbols	no	
U+26AE	⚮	DIVORCE SYMBOL	Miscellaneous Symbols	dejavu	uni26AE	Miscellaneous Symbols	no	
U+26AF	⚯	UNMARRIED PARTNERSHIP SYMBOL	Miscellaneous Symbols	dejavu	uni26AF	Miscellaneous Symbols	no	
U+26B0	⚰	COFFIN	Miscellaneous Symbols	dejavu	uni26B0	Miscellaneous Symbols	no	
U+26B1	⚱	FUNERAL URN	Miscellaneous Symbols	dejavu	uni26B1	Miscellaneous Symbols	no	
U+26B2	⚲	NEUTER	Miscellaneous Symbols	dejavu	uni26B2	Miscellaneous Symbols	no	
U+26B3	⚳	CERES	Miscellaneous Symbols	dejavu	uni26B3	Miscellaneous Symbols	no	
U+26B4	⚴	PALLAS	Miscellaneous Symbols	dejavu	uni26B4	Miscellaneous Symbols	no	
U+26B5	⚵	JUNO	Miscellaneous Symbols	dejavu	uni26B5	Miscellaneous Symbols	no	
U+26B6	⚶	VESTA	Miscellaneous Symbols	dejavu	uni26B6	Miscellaneous Symbols	no	
U+26B7	⚷	CHIRON	Miscellaneous Symbols	dejavu	uni26B7	Miscellaneous Symbols	no	
U+26B8	⚸	BLACK MOON LILITH	Miscellaneous Symbols	dejavu	uni26B8	Miscellaneous Symbols	no	
U+26C0	⛀	WHITE DRAUGHTS MAN	Miscellaneous Symbols	dejavu	uni26C0	Miscellaneous Symbols	no	
U+26C1	⛁	WHITE DRAUGHTS KING	Miscellaneous Symbols	dejavu	uni26C1	Miscellaneous Symbols	no	
U+26C2	⛂	BLACK DRAUGHTS MAN	Miscellaneous Symbols	dejavu	uni26C2	Miscellaneous Symbols	no	
U+26C3	⛃	BLACK DRAUGHTS KING	Miscellaneous Symbols	dejavu	uni26C3	Miscellaneous Symbols	no	
U+26E2	⛢	ASTRONOMICAL SYMBOL FOR URANUS	Miscellaneous Symbols	dejavu	uni26E2	Miscellaneous Symbols	no	
U+2701	✁	UPPER BLADE SCISSORS	Dingbats	dejavu	uni2701	Dingbats	no	
U+2702	✂	BLACK SCISSORS	Dingbats	dejavu	uni2702	Dingbats	no	
U+2703	✃	LOWER BLADE SCISSORS	Dingbats	dejavu	uni2703	Dingbats	no	
U+2704	✄	WHITE SCISSORS	Dingbats	dejavu	uni2704	Dingbats	no	
U+2706	✆	TELEPHONE LOCATION SIGN	Dingbats	dejavu	uni2706	Dingbats	no	
U+2707	✇	TAPE DRIVE	Dingbats	dejavu	uni2707	Dingbats	no	
U+2708	✈	AIRPLANE	Dingbats	dejavu	uni2708	Dingbats	no	
U+2709	✉	ENVELOPE	Dingbats	dejavu	uni2709	Dingbats	no	
U+270C	✌	VICTORY HAND	Dingbats	dejavu	uni270C	Dingbats	no	
U+270D	✍	WRITING HAND	Dingbats	dejavu	uni270D	Dingbats	no	
U+270E	✎	LOWER RIGHT PENCIL	Dingbats	dejavu	uni270E	Dingbats	no	
U+270F	✏	PENCIL	Dingbats	dejavu	uni270F	Dingbats	no	
U+2710	✐	UPPER RIGHT PENCIL	Dingbats	dejavu	uni2710	Dingbats	no	
U+2711	✑	WHITE NIB	Dingbats	dejavu	uni2711	Dingbats	no	
U+2712	✒	BLACK NIB	Dingbats	dejavu	uni2712	Dingbats	no	
U+2713	✓	CHECK MARK	Dingbats	dejavu	uni2713	Dingbats	no	
U+2714	✔	HEAVY CHECK MARK	Dingbats	dejavu	uni2714	Dingbats	no	
U+2715	✕	MULTIPLICATION X	Dingbats	dejavu	uni2715	Dingbats	no	
U+2716	✖	HEAVY MULTIPLICATION X	Dingbats	dejavu	uni2716	Dingbats	no	
U+2717	✗	BALLOT X	Dingbats	dejavu	uni2717	Dingbats	no	
U+2718	✘	HEAVY BALLOT X	Dingbats	dejavu	uni2718	Dingbats	no	
U+2719	✙	OUTLINED GREEK CROSS	Dingbats	dejavu	uni2719	Dingbats	no	
U+271A	✚	HEAVY GREEK CROSS	Dingbats	dejavu	uni271A	Dingbats	no	
U+271B	✛	OPEN CENTRE CROSS	Dingbats	dejavu	uni271B	Dingbats	no	
U+271C	✜	HEAVY OPEN CENTRE CROSS	Dingbats	dejavu	uni271C	Dingbats	no	
U+271D	✝	LATIN CROSS	Dingbats	dejavu	uni271D	Dingbats	no	
U+271E	✞	SHADOWED WHITE LATIN CROSS	Dingbats	dejavu	uni271E	Dingbats	no	
U+271F	✟	OUTLINED LATIN CROSS	Dingbats	dejavu	uni271F	Dingbats	no	
U+2720	✠	MALTESE CROSS	Dingbats	dejavu	uni2720	Dingbats	no	
U+2721	✡	STAR OF DAVID	Dingbats	dejavu	uni2721	Dingbats	no	
U+2722	✢	FOUR TEARDROP-SPOKED ASTERISK	Dingbats	dejavu	uni2722	Dingbats	no	
U+2723	✣	FOUR BALLOON-SPOKED ASTERISK	Dingbats	dejavu	uni2723	Dingbats	no	
U+2724	✤	HEAVY FOUR BALLOON-SPOKED ASTERISK	Dingbats	dejavu	uni2724	Dingbats	no	
U+2725	✥	FOUR CLUB-SPOKED ASTERISK	Dingbats	dejavu	uni2725	Dingbats	no	
U+2726	✦	BLACK FOUR POINTED STAR	Dingbats	dejavu	uni2726	Dingbats	no	
U+2727	✧	WHITE FOUR POINTED STAR	Dingbats	dejavu	uni2727	Dingbats	no	
U+2729	✩	STRESS OUTLINED WHITE STAR	Dingbats	dejavu	uni2729	Dingbats	no	
U+272A	✪	CIRCLED WHITE STAR	Dingbats	dejavu	uni272A	Dingbats	no	
U+272B	✫	OPEN CENTRE BLACK STAR	Dingbats	dejavu	uni272B	Dingbats	no	
U+272C	✬	BLACK CENTRE WHITE STAR	Dingbats	dejavu	uni272C	Dingbats	no	
U+272D	✭	OUTLINED BLACK STAR	Dingbats	dejavu	uni272D	Dingbats	no	
U+272E	✮	HEAVY OUTLINED BLACK STAR	Dingbats	dejavu	uni272E	Dingbats	no	
U+272F	✯	PINWHEEL STAR	Dingbats	dejavu	uni272F	Dingbats	no	
U+2730	✰	SHADOWED WHITE STAR	Dingbats	dejavu	uni2730	Dingbats	no	
U+2731	✱	HEAVY ASTERISK	Dingbats	dejavu	uni2731	Dingbats	no	
U+2732	✲	OPEN CENTRE ASTERISK	Dingbats	dejavu	uni2732	Dingbats	no	
U+2733	✳	EIGHT SPOKED ASTERISK	Dingbats	dejavu	uni2733	Dingbats	no	
U+2734	✴	EIGHT POINTED BLACK STAR	Dingbats	dejavu	uni2734	Dingbats	no	
U+2735	✵	EIGHT POINTED PINWHEEL STAR	Dingbats	dejavu	uni2735	Dingbats	no	
U+2736	✶	SIX POINTED BLACK STAR	Dingbats	dejavu	uni2736	Dingbats	no	
U+2737	✷	EIGHT POINTED RECTILINEAR BLACK STAR	Dingbats	dejavu	uni2737	Dingbats	no	
U+2738	✸	HEAVY EIGHT POINTED RECTILINEAR BLACK STAR	Dingbats	dejavu	uni2738	Dingbats	no	
U+2739	✹	TWELVE POINTED BLACK STAR	Dingbats	dejavu	uni2739	Dingbats	no	
U+273A	✺	SIXTEEN POINTED ASTERISK	Dingbats	dejavu	uni273A	Dingbats	no	
U+273B	✻	TEARDROP-SPOKED ASTERISK	Dingbats	custom	uni273B	custom	no	
U+273C	✼	OPEN CENTRE TEARDROP-SPOKED ASTERISK	Dingbats	custom	uni273C	custom	no	
U+273D	✽	HEAVY TEARDROP-SPOKED ASTERISK	Dingbats	custom	uni273D	custom	no	
U+273E	✾	SIX PETALLED BLACK AND WHITE FLORETTE	Dingbats	custom	uni273E	custom	no	
U+273F	✿	BLACK FLORETTE	Dingbats	dejavu	uni273F	Dingbats	no	
U+2740	❀	WHITE FLORETTE	Dingbats	dejavu	uni2740	Dingbats	no	
U+2741	❁	EIGHT PETALLED OUTLINED BLACK FLORETTE	Dingbats	dejavu	uni2741	Dingbats	no	
U+2742	❂	CIRCLED OPEN CENTRE EIGHT POINTED STAR	Dingbats	dejavu	uni2742	Dingbats	no	
U+2743	❃	HEAVY TEARDROP-SPOKED PINWHEEL ASTERISK	Dingbats	custom	uni2743	custom	no	
U+2744	❄	SNOWFLAKE	Dingbats	dejavu	uni2744	Dingbats	no	
U+2745	❅	TIGHT TRIFOLIATE SNOWFLAKE	Dingbats	dejavu	uni2745	Dingbats	no	
U+2746	❆	HEAVY CHEVRON SNOWFLAKE	Dingbats	dejavu	uni2746	Dingbats	no	
U+2747	❇	SPARKLE	Dingbats	dejavu	uni2747	Dingbats	no	
U+2748	❈	HEAVY SPARKLE	Dingbats	dejavu	uni2748	Dingbats	no	
U+2749	❉	BALLOON-SPOKED ASTERISK	Dingbats	dejavu	uni2749	Dingbats	no	
U+274A	❊	EIGHT TEARDROP-SPOKED PROPELLER ASTERISK	Dingbats	dejavu	uni274A	Dingbats	no	
U+274B	❋	HEAVY EIGHT TEARDROP-SPOKED PROPELLER ASTERISK	Dingbats	dejavu	uni274B	Dingbats	no	
U+274D	❍	SHADOWED WHITE CIRCLE	Dingbats	dejavu	uni274D	Dingbats	no	
U+274F	❏	LOWER RIGHT DROP-SHADOWED WHITE SQUARE	Dingbats	dejavu	uni274F	Dingbats	no	
U+2750	❐	UPPER RIGHT DROP-SHADOWED WHITE SQUARE	Dingbats	dejavu	uni2750	Dingbats	no	
U+2751	❑	LOWER RIGHT SHADOWED WHITE SQUARE	Dingbats	dejavu	uni2751	Dingbats	no	
U+2752	❒	UPPER RIGHT SHADOWED WHITE SQUARE	Dingbats	dejavu	uni2752	Dingbats	no	
U+2756	❖	BLACK DIAMOND MINUS WHITE X	Dingbats	dejavu	uni2756	Dingbats	no	
U+2758	❘	LIGHT VERTICAL BAR	Dingbats	dejavu	uni2758	Dingbats	no	
U+2759	❙	MEDIUM VERTICAL BAR	Dingbats	dejavu	uni2759	Dingbats	no	
U+275A	❚	HEAVY VERTICAL BAR	Dingbats	dejavu	uni275A	Dingbats	no	
U+275B	❛	HEAVY SINGLE TURNED COMMA QUOTATION MARK ORNAMENT	Dingbats	dejavu	uni275B	Dingbats	no	
U+275C	❜	HEAVY SINGLE COMMA QUOTATION MARK ORNAMENT	Dingbats	dejavu	uni275C	Dingbats	no	
U+275D	❝	HEAVY DOUBLE TURNED COMMA QUOTATION MARK ORNAMENT	Dingbats	dejavu	uni275D	Dingbats	no	
U+275E	❞	HEAVY DOUBLE COMMA QUOTATION MARK ORNAMENT	Dingbats	dejavu	uni275E	Dingbats	no	
U+2761	❡	CURVED STEM PARAGRAPH SIGN ORNAMENT	Dingbats	dejavu	uni2761	Dingbats	no	
U+2762	❢	HEAVY EXCLAMATION MARK ORNAMENT	Dingbats	dejavu	uni2762	Dingbats	no	
U+2763	❣	HEAVY HEART EXCLAMATION MARK ORNAMENT	Dingbats	dejavu	uni2763	Dingbats	no	
U+2764	❤	HEAVY BLACK HEART	Dingbats	dejavu	uni2764	Dingbats	no	
U+2765	❥	ROTATED HEAVY BLACK HEART BULLET	Dingbats	dejavu	uni2765	Dingbats	no	
U+2766	❦	FLORAL HEART	Dingbats	dejavu	uni2766	Dingbats	no	
U+2767	❧	ROTATED FLORAL HEART BULLET	Dingbats	dejavu	uni2767	Dingbats	no	
U+2768	❨	MEDIUM LEFT PARENTHESIS ORNAMENT	Dingbats	dejavu	uni2768	Dingbats	no	
U+2769	❩	MEDIUM RIGHT PARENTHESIS ORNAMENT	Dingbats	dejavu	uni2769	Dingbats	no	
U+276A	❪	MEDIUM FLATTENED LEFT PARENTHESIS ORNAMENT	Dingbats	dejavu	uni276A	Dingbats	no	
U+276B	❫	MEDIUM FLATTENED RIGHT PARENTHESIS ORNAMENT	Dingbats	dejavu	uni276B	Dingbats	no	
U+276C	❬	MEDIUM LEFT-POINTING ANGLE BRACKET ORNAMENT	Dingbats	dejavu	uni276C	Dingbats	no	
U+276D	❭	MEDIUM RIGHT-POINTING ANGLE BRACKET ORNAMENT	Dingbats	dejavu	uni276D	Dingbats	no	
U+276E	❮	HEAVY LEFT-POINTING ANGLE QUOTATION MARK ORNAMENT	Dingbats	dejavu	uni276E	Dingbats	no	
U+276F	❯	HEAVY RIGHT-POINTING ANGLE QUOTATION MARK ORNAMENT	Dingbats	dejavu	uni276F	Dingbats	no	
U+2770	❰	HEAVY LEFT-POINTING ANGLE BRACKET ORNAMENT	Dingbats	dejavu	uni2770	Dingbats	no	
U+2771	❱	HEAVY RIGHT-POINTING ANGLE BRACKET ORNAMENT	Dingbats	dejavu	uni2771	Dingbats	no	
U+2772	❲	LIGHT LEFT TORTOISE SHELL BRACKET ORNAMENT	Dingbats	dejavu	uni2772	Dingbats	no	
U+2773	❳	LIGHT RIGHT TORTOISE SHELL BRACKET ORNAMENT	Dingbats	dejavu	uni2773	Dingbats	no	
U+2774	❴	MEDIUM LEFT CURLY BRACKET ORNAMENT	Dingbats	dejavu	uni2774	Dingbats	no	
U+2775	❵	MEDIUM RIGHT CURLY BRACKET ORNAMENT	Dingbats	dejavu	uni2775	Dingbats	no	
U+2776	❶	DINGBAT NEGATIVE CIRCLED DIGIT ONE	Dingbats	dejavu	uni2776	Dingbats	no	
U+2777	❷	DINGBAT NEGATIVE CIRCLED DIGIT TWO	Dingbats	dejavu	uni2777	Dingbats	no	
U+2778	❸	DINGBAT NEGATIVE CIRCLED DIGIT THREE	Dingbats	dejavu	uni2778	Dingbats	no	
U+2779	❹	DINGBAT NEGATIVE CIRCLED DIGIT FOUR	Dingbats	dejavu	uni2779	Dingbats	no	
U+277A	❺	DINGBAT NEGATIVE CIRCLED DIGIT FIVE	Dingbats	dejavu	uni277A	Dingbats	no	
U+277B	❻	DINGBAT NEGATIVE CIRCLED DIGIT SIX	Dingbats	dejavu	uni277B	Dingbats	no	
U+277C	❼	DINGBAT NEGATIVE CIRCLED DIGIT SEVEN	Dingbats	dejavu	uni277C	Dingbats	no	
U+277D	❽	DINGBAT NEGATIVE CIRCLED DIGIT EIGHT	Dingbats	dejavu	uni277D	Dingbats	no	
U+277E	❾	DINGBAT NEGATIVE CIRCLED DIGIT NINE	Dingbats	dejavu	uni277E	Dingbats	no	
U+277F	❿	DINGBAT NEGATIVE CIRCLED NUMBER TEN	Dingbats	dejavu	uni277F	Dingbats	no	
U+2780	➀	DINGBAT CIRCLED SANS-SERIF DIGIT ONE	Dingbats	dejavu	uni2780	Dingbats	no	
U+2781	➁	DINGBAT CIRCLED SANS-SERIF DIGIT TWO	Dingbats	dejavu	uni2781	Dingbats	no	
U+2782	➂	DINGBAT CIRCLED SANS-SERIF DIGIT THREE	Dingbats	dejavu	uni2782	Dingbats	no	
U+2783	➃	DINGBAT CIRCLED SANS-SERIF DIGIT FOUR	Dingbats	dejavu	uni2783	Dingbats	no	
U+2784	➄	DINGBAT CIRCLED SANS-SERIF DIGIT FIVE	Dingbats	dejavu	uni2784	Dingbats	no	
U+2785	➅	DINGBAT CIRCLED SANS-SERIF DIGIT SIX	Dingbats	dejavu	uni2785	Dingbats	no	
U+2786	➆	DINGBAT CIRCLED SANS-SERIF DIGIT SEVEN	Dingbats	dejavu	uni2786	Dingbats	no	
U+2787	➇	DINGBAT CIRCLED SANS-SERIF DIGIT EIGHT	Dingbats	dejavu	uni2787	Dingbats	no	
U+2788	➈	DINGBAT CIRCLED SANS-SERIF DIGIT NINE	Dingbats	dejavu	uni2788	Dingbats	no	
U+2789	➉	DINGBAT CIRCLED SANS-SERIF NUMBER TEN	Dingbats	dejavu	uni2789	Dingbats	no	
U+278A	➊	DINGBAT NEGATIVE CIRCLED SANS-SERIF DIGIT ONE	Dingbats	dejavu	uni278A	Dingbats	no	
U+278B	➋	DINGBAT NEGATIVE CIRCLED SANS-SERIF DIGIT TWO	Dingbats	dejavu	uni278B	Dingbats	no	
U+278C	➌	DINGBAT NEGATIVE CIRCLED SANS-SERIF DIGIT THREE	Dingbats	dejavu	uni278C	Dingbats	no	
U+278D	➍	DINGBAT NEGATIVE CIRCLED SANS-SERIF DIGIT FOUR	Dingbats	dejavu	uni278D	Dingbats	no	
U+278E	➎	DINGBAT NEGATIVE CIRCLED SANS-SERIF DIGIT FIVE	Dingbats	dejavu	uni278E	Dingbats	no	
U+278F	➏	DINGBAT NEGATIVE CIRCLED SANS-SERIF DIGIT SIX	Dingbats	dejavu	uni278F	Dingbats	no	
U+2790	➐	DINGBAT NEGATIVE CIRCLED SANS-SERIF DIGIT SEVEN	Dingbats	dejavu	uni2790	Dingbats	no	
U+2791	➑	DINGBAT NEGATIVE CIRCLED SANS-SERIF DIGIT EIGHT	Dingbats	dejavu	uni2791	Dingbats	no	
U+2792	➒	DINGBAT NEGATIVE CIRCLED SANS-SERIF DIGIT NINE	Dingbats	dejavu	uni2792	Dingbats	no	
U+2793	➓	DINGBAT NEGATIVE CIRCLED SANS-SERIF NUMBER TEN	Dingbats	dejavu	uni2793	Dingbats	no	
U+2794	➔	HEAVY WIDE-HEADED RIGHTWARDS ARROW	Dingbats	dejavu	uni2794	Dingbats	no	
U+2798	➘	HEAVY SOUTH EAST ARROW	Dingbats	dejavu	uni2798	Dingbats	no	
U+2799	➙	HEAVY RIGHTWARDS ARROW	Dingbats	dejavu	uni2799	Dingbats	no	
U+279A	➚	HEAVY NORTH EAST ARROW	Dingbats	dejavu	uni279A	Dingbats	no	
U+279B	➛	DRAFTING POINT RIGHTWARDS ARROW	Dingbats	dejavu	uni279B	Dingbats	no	
U+279C	➜	HEAVY ROUND-TIPPED RIGHTWARDS ARROW	Dingbats	dejavu	uni279C	Dingbats	no	
U+279D	➝	TRIANGLE-HEADED RIGHTWARDS ARROW	Dingbats	dejavu	uni279D	Dingbats	no	
U+279E	➞	HEAVY TRIANGLE-HEADED RIGHTWARDS ARROW	Dingbats	dejavu	uni279E	Dingbats	no	
U+279F	➟	DASHED TRIANGLE-HEADED RIGHTWARDS ARROW	Dingbats	dejavu	uni279F	Dingbats	no	
U+27A0	➠	HEAVY DASHED TRIANGLE-HEADED RIGHTWARDS ARROW	Dingbats	dejavu	uni27A0	Dingbats	no	
U+27A1	➡	BLACK RIGHTWARDS ARROW	Dingbats	dejavu	uni27A1	Dingbats	no	
U+27A2	➢	THREE-D TOP-LIGHTED RIGHTWARDS ARROWHEAD	Dingbats	dejavu	uni27A2	Dingbats	no	
U+27A3	➣	THREE-D BOTTOM-LIGHTED RIGHTWARDS ARROWHEAD	Dingbats	dejavu	uni27A3	Dingbats	no	
U+27A4	➤	BLACK RIGHTWARDS ARROWHEAD	Dingbats	dejavu	uni27A4	Dingbats	no	
U+27A5	➥	HEAVY BLACK CURVED DOWNWARDS AND RIGHTWARDS ARROW	Dingbats	dejavu	uni27A5	Dingbats	no	
U+27A6	➦	HEAVY BLACK CURVED UPWARDS AND RIGHTWARDS ARROW	Dingbats	dejavu	uni27A6	Dingbats	no	
U+27A7	➧	SQUAT BLACK RIGHTWARDS ARROW	Dingbats	dejavu	uni27A7	Dingbats	no	
U+27A8	➨	HEAVY CONCAVE-POINTED BLACK RIGHTWARDS ARROW	Dingbats	dejavu	uni27A8	Dingbats	no	
U+27A9	➩	RIGHT-SHADED WHITE RIGHTWARDS ARROW	Dingbats	dejavu	uni27A9	Dingbats	no	
U+27AA	➪	LEFT-SHADED WHITE RIGHTWARDS ARROW	Dingbats	dejavu	uni27AA	Dingbats	no	
U+27AB	➫	BACK-TILTED SHADOWED WHITE RIGHTWARDS ARROW	Dingbats	dejavu	uni27AB	Dingbats	no	
U+27AC	➬	FRONT-TILTED SHADOWED WHITE RIGHTWARDS ARROW	Dingbats	dejavu	uni27AC	Dingbats	no	
U+27AD	➭	HEAVY LOWER RIGHT-SHADOWED WHITE RIGHTWARDS ARROW	Dingbats	dejavu	uni27AD	Dingbats	no	
U+27AE	➮	HEAVY UPPER RIGHT-SHADOWED WHITE RIGHTWARDS ARROW	Dingbats	dejavu	uni27AE	Dingbats	no	
U+27AF	➯	NOTCHED LOWER RIGHT-SHADOWED WHITE RIGHTWARDS ARROW	Dingbats	dejavu	uni27AF	Dingbats	no	
U+27B1	➱	NOTCHED UPPER RIGHT-SHADOWED WHITE RIGHTWARDS ARROW	Dingbats	dejavu	uni27B1	Dingbats	no	
U+27B2	➲	CIRCLED HEAVY WHITE RIGHTWARDS ARROW	Dingbats	dejavu	uni27B2	Dingbats	no	
U+27B3	➳	WHITE-FEATHERED RIGHTWARDS ARROW	Dingbats	dejavu	uni27B3	Dingbats	no	
U+27B4	➴	BLACK-FEATHERED SOUTH EAST ARROW	Dingbats	dejavu	uni27B4	Dingbats	no	
U+27B5	➵	BLACK-FEATHERED RIGHTWARDS ARROW	Dingbats	dejavu	uni27B5	Dingbats	no	
U+27B6	➶	BLACK-FEATHERED NORTH EAST ARROW	Dingbats	dejavu	uni27B6	Dingbats	no	
U+27B7	➷	HEAVY BLACK-FEATHERED SOUTH EAST ARROW	Dingbats	dejavu	uni27B7	Dingbats	no	
U+27B8	➸	HEAVY BLACK-FEATHERED RIGHTWARDS ARROW	Dingbats	dejavu	uni27B8	Dingbats	no	
U+27B9	➹	HEAVY BLACK-FEATHERED NORTH EAST ARROW	Dingbats	dejavu	uni27B9	Dingbats	no	
U+27BA	➺	TEARDROP-BARBED RIGHTWARDS ARROW	Dingbats	dejavu	uni27BA	Dingbats	no	
U+27BB	➻	HEAVY TEARDROP-SHANKED RIGHTWARDS ARROW	Dingbats	dejavu	uni27BB	Dingbats	no	
U+27BC	➼	WEDGE-TAILED RIGHTWARDS ARROW	Dingbats	dejavu	uni27BC	Dingbats	no	
U+27BD	➽	HEAVY WEDGE-TAILED RIGHTWARDS ARROW	Dingbats	dejavu	uni27BD	Dingbats	no	
U+27BE	➾	OPEN-OUTLINED RIGHTWARDS ARROW	Dingbats	dejavu	uni27BE	Dingbats	no	
U+2B00	⬀	NORTH EAST WHITE ARROW	Miscellaneous Symbols and Arrows	dejavu	uni2B00	Miscellaneous Symbols and Arrows	no	
U+2B01	⬁	NORTH WEST WHITE ARROW	Miscellaneous Symbols and Arrows	dejavu	uni2B01	Miscellaneous Symbols and Arrows	no	
U+2B02	⬂	SOUTH EAST WHITE ARROW	Miscellaneous Symbols and Arrows	dejavu	uni2B02	Miscellaneous Symbols and Arrows	no	
U+2B03	⬃	SOUTH WEST WHITE ARROW	Miscellaneous Symbols and Arrows	dejavu	uni2B03	Miscellaneous Symbols and Arrows	no	
U+2B04	⬄	LEFT RIGHT WHITE ARROW	Miscellaneous Symbols and Arrows	dejavu	uni2B04	Miscellaneous Symbols and Arrows	no	
U+2B05	⬅	LEFTWARDS BLACK ARROW	Miscellaneous Symbols and Arrows	dejavu	uni2B05	Miscellaneous Symbols and Arrows	no	
U+2B06	⬆	UPWARDS BLACK ARROW	Miscellaneous Symbols and Arrows	dejavu	uni2B06	Miscellaneous Symbols and Arrows	no	
U+2B07	⬇	DOWNWARDS BLACK ARROW	Miscellaneous Symbols and Arrows	dejavu	uni2B07	Miscellaneous Symbols and Arrows	no	
U+2B08	⬈	NORTH EAST BLACK ARROW	Miscellaneous Symbols and Arrows	dejavu	uni2B08	Miscellaneous Symbols and Arrows	no	
U+2B09	⬉	NORTH WEST BLACK ARROW	Miscellaneous Symbols and Arrows	dejavu	uni2B09	Miscellaneous Symbols and Arrows	no	
U+2B0A	⬊	SOUTH EAST BLACK ARROW	Miscellaneous Symbols and Arrows	dejavu	uni2B0A	Miscellaneous Symbols and Arrows	no	
U+2B0B	⬋	SOUTH WEST BLACK ARROW	Miscellaneous Symbols and Arrows	dejavu	uni2B0B	Miscellaneous Symbols and Arrows	no	
U+2B0C	⬌	LEFT RIGHT BLACK ARROW	Miscellaneous Symbols and Arrows	dejavu	uni2B0C	Miscellaneous Symbols and Arrows	no	
U+2B0D	⬍	UP DOWN BLACK ARROW	Miscellaneous Symbols and Arrows	dejavu	uni2B0D	Miscellaneous Symbols and Arrows	no	
U+2B0E	⬎	RIGHTWARDS ARROW WITH TIP DOWNWARDS	Miscellaneous Symbols and Arrows	dejavu	uni2B0E	Miscellaneous Symbols and Arrows	no	
U+2B0F	⬏	RIGHTWARDS ARROW WITH TIP UPWARDS	Miscellaneous Symbols and Arrows	dejavu	uni2B0F	Miscellaneous Symbols and Arrows	no	
U+2B10	⬐	LEFTWARDS ARROW WITH TIP DOWNWARDS	Miscellaneous Symbols and Arrows	dejavu	uni2B10	Miscellaneous Symbols and Arrows	no	
U+2B11	⬑	LEFTWARDS ARROW WITH TIP UPWARDS	Miscellaneous Symbols and Arrows	dejavu	uni2B11	Miscellaneous Symbols and Arrows	no	
U+2B12	⬒	SQUARE WITH TOP HALF BLACK	Miscellaneous Symbols and Arrows	dejavu	uni2B12	Miscellaneous Symbols and Arrows	no	
U+2B13	⬓	SQUARE WITH BOTTOM HALF BLACK	Miscellaneous Symbols and Arrows	dejavu	uni2B13	Miscellaneous Symbols and Arrows	no	
U+2B14	⬔	SQUARE WITH UPPER RIGHT DIAGONAL HALF BLACK	Miscellaneous Symbols and Arrows	dejavu	uni2B14	Miscellaneous Symbols and Arrows	no	
U+2B15	⬕	SQUARE WITH LOWER LEFT DIAGONAL HALF BLACK	Miscellaneous Symbols and Arrows	dejavu	uni2B15	Miscellaneous Symbols and Arrows	no	
U+2B16	⬖	DIAMOND WITH LEFT HALF BLACK	Miscellaneous Symbols and Arrows	dejavu	uni2B16	Miscellaneous Symbols and Arrows	no	
U+2B17	⬗	DIAMOND WITH RIGHT HALF BLACK	Miscellaneous Symbols and Arrows	dejavu	uni2B17	Miscellaneous Symbols and Arrows	no	
U+2B18	⬘	DIAMOND WITH TOP HALF BLACK	Miscellaneous Symbols and Arrows	dejavu	uni2B18	Miscellaneous Symbols and Arrows	no	
U+2B19	⬙	DIAMOND WITH BOTTOM HALF BLACK	Miscellaneous Symbols and Arrows	dejavu	uni2B19	Miscellaneous Symbols and Arrows	no	
U+2B1A	⬚	DOTTED SQUARE	Miscellaneous Symbols and Arrows	dejavu	uni2B1A	Miscellaneous Symbols and Arrows	no	
U+2B1F	⬟	BLACK PENTAGON	Miscellaneous Symbols and Arrows	dejavu	uni2B1F	Miscellaneous Symbols and Arrows	no	
U+2B20	⬠	WHITE PENTAGON	Miscellaneous Symbols and Arrows	dejavu	uni2B20	Miscellaneous Symbols and Arrows	no	
U+2B21	⬡	WHITE HEXAGON	Miscellaneous Symbols and Arrows	dejavu	uni2B21	Miscellaneous Symbols and Arrows	no	
U+2B22	⬢	BLACK HEXAGON	Miscellaneous Symbols and Arrows	dejavu	uni2B22	Miscellaneous Symbols and Arrows	no	
U+2B23	⬣	HORIZONTAL BLACK HEXAGON	Miscellaneous Symbols and Arrows	dejavu	uni2B23	Miscellaneous Symbols and Arrows	no	
U+2B24	⬤	BLACK LARGE CIRCLE	Miscellaneous Symbols and Arrows	dejavu	uni2B24	Miscellaneous Symbols and Arrows	no	
U+2B53	⭓	BLACK RIGHT-POINTING PENTAGON	Miscellaneous Symbols and Arrows	dejavu	uni2B53	Miscellaneous Symbols and Arrows	no	
U+2B54	⭔	WHITE RIGHT-POINTING PENTAGON	Miscellaneous Symbols and Arrows	dejavu	uni2B54	Miscellaneous Symbols and Arrows	no	
